name,address
Donniebigbags,0x5a10b47c520d2dd756657787c65afcfc9b9d4935
Synaptic0n,0x26de9a0c51850ac59dd8d43d35f14688b38d4fd5
komakino2001,0x2e63a7a7a6dfed49aeedfff5d39a83da516d11bf
JOHNY_TURBO,0x322f8d3bf15d3c8ddf6f897e40c2d6a293a0ca60
ChingoLink,0xc4170f587c84c8efa36820e9c5b6e0316d4e9f04
Xameyz,0x1426350dcf61823487055f802c9d9cab6cd2edf7
BABY_LOKITO,0x8f38e791757da5320089026b4dd68c2cb8d70a31
MSAMA253,0x0ff25577b56d277347da9c8079a0136420025244
JanosVNeumann,0xaa8f4ff1ffb38e9e3948892da463c5f298fc5af1
CryptasNFT,0xdbb9ad807c02de51ca737bc516589302295ed6ff
ArwutPlayerOne,0xbdc0d363e5606c8e4a646b160ada121a825a2673
JDubs2600,0xebd9a48ed1128375eb4383ed4d53478b4fd85a8d
magicpini,0xe9d264974b015836ebfd5c492d0d6ec96b1e78ab
Halaster23,0x01877a4226998740ed4e12baf988d0a21a749894
JeroenMS28,0x875576dfac97ef162a4b7b55fded46f2dd312ef0
Synaptic0n,0x26de9a0c51850ac59dd8d43d35f14688b38d4fd5
pepper0nipizza,0x2d8c4f98ccefe2b40694ce27cdefe6ed3050c7a1
Robster007,0xa97b0dca46b77287ce23edc378567def602fe87a
MiguelDot,0x9bc66deb421faf05041ee69f8db194f6a34bdc37
w1nsama,0xccbb26e2e047f6da344defaba31a319a799203e4
z4nzaa1,0x6cd5d4a5f5cf3e8bba0fa31ae28fd7e921878013
MinzyOdang,0x95eb6ce60bf409c293e032e16ad1690b3d3921bd
Kyilkhor,0x81366eefbb88ca85d58db113b929fbc908a5b5df
DaBricksz,0xd4b954c7dbd77c2fadcd66ec681dd992e97a9374
Didawdidaw,0x7695b2f3588ee6afa9aebdd1a8c86369de5561b9
Skarlex99,0xef0d6e9d21609860df52e048ad32ab96145f39a6
chagenko,0x8a73ccc92509ac65613d437403dfd1e4089380a8
CounterClock2,0x96d58d28201dd35926e26d3758cd63426adf919e
Moontastic7,0x071b00c803ee6937638ef666e13fb58a11331d52
Sensei_Bebop,0x11a5a9dc8465407926098ab2e37840d9707ccb88
Tjolpie,0x4fec3917ae6fb65345327207d71bf90ee4b9de8a
MikoGG,0xdf5a06fb4076d6ec44b9edd17de54ed444e55faf
Kryptokaya,0xce5d17dde05e7a45eb12bbbacd3bcbea72226727
BruceL337,0xd30d77cea3f50636b88b816f4196d42ce3bc44a8
HODLKANG69420,0x9b7c0fa477db07fb813ea73da9e040f7212578bf
JR_Borg,0x7543ae755256476f32ec2cb49c253c4e5d47b806
SrogiLomot,0x55a9acabef84a288ccd5051d199a4481d779ef20
EnduringWrick,0x958b0d160a5c6b7c4371bd25b31f335a89edf00e
wgwelku,0x5923bf11befcbee2a0d4cea391328a32d8d53dd5
VIPSAMA,0x0ff25577b56d277347da9c8079a0136420025244
vlasnikinternet,0xb91aeebc91feba2121c1800f5fa8e35a78b7e124
Sppeeddd,0x9644e9c6a5ecb50ab5706a88e2aeded4b507598a
foupotato,0x979303d598f84d42b2aefb255d687d3cf9b5a33c
Iluschi1,0xc97d64c2395e1cf29bbfdeb8e79236b6f8b8bc0e
MikeyScoot3127,0xf52944e472677e1bb7c42812d88d465baf14fa84
z4nzaa1,0x6cd5d4a5f5cf3e8bba0fa31ae28fd7e921878013
w124eth,0x1ac7ea819910f5137f511fa1e7338876a10bf667
oozaru_sama,0x62c85407bfa12cf5350dc6ac5cf1fdf3f45cc15f
murthzilla,0xf33b3a189737b20cb9e173c9534bdf3ded737e51
P0pChork,0x15fff7c1231d195fa7b0f589012169e0877f2ea7
OldSpiceVendor,0x4bf0651b3ce2ca103a8c409313b1796b67097f39
Jeanius77,0xdeb6fdaaee135be6be9881195fe01fc9819daaf5
y_uncle_fester,0x74375f3b7014c9d5242f193480a5d0edc6f693f8
yrnski,0x2efba1b5ed4f44c1b5025a34f08fe3f9151a68ca
MichMash8759,0x61d79748cc638ce3c8c0da85c51433fd33815a22
Ticket28,0x5c4fdc08875fa4f4b5bf7f329185ea62fb38790d
GalaxyF12,0x0ff25577b56d277347da9c8079a0136420025244
XelooCrypto,0x4feaad0a9bfd4e38aea4ad0ff65b012f34dd14cd
AdamHub,0xdc664d4faa3a9bd3c32b3895cdba3b1908c7f8da
Onizuka171,0xcb877bc963f23bb9a8b580724ae691e8d390b99f
JOHNY_TURBO,0x322f8d3bf15d3c8ddf6f897e40c2d6a293a0ca60
AccurateGrain58,0x71366d05f3a9359bcfce3d9b92c4d5d3e7b809ef
EnduringWrick,0x958b0d160a5c6b7c4371bd25b31f335a89edf00e
Rayzor536,0xcf220df87427b8d97954af31d266177c0bcb145d
VailingGoat480,0x9a9f0db6b3821eb309c7fb3f945539f93713248c
Whatafaaak,0x67fa20956ec4cd3e010b1aec0682b81e093922f5
theJimmo,0xe0e11ee72a99d9b74708f70a97bc4af5f331defc
moonsama90,0x67f1871f1e3cafe2a28cdef6859ce1c6c12c6af6
TwoBison007,0x647d70289a143a41da1ea2fdb1f573f844bbdc9e
CorpusAlbicans,0xa490ba57d4a38ec8d6acfbe3c202689d4d2b985e
MovrSama88,0x50013640dd8728fe5ecd211bd8b8c43997b89c6e
hlxmkr,0xaac47732a9617bd6e2881eb703c07f60f9a9a6fa
flexedbaracuda,0xc6752c7f5c53f1e9bf52f46d7f3ac76508977150
ParkG_,0xd96ed49c2479385937d73fc94e4a7fd897b4c886
BadBallzy,0xf8d4df223c37556bc149848d7468c5e395deec87
Jerem1931,0xdf1ba5b8369cd3af56c5ed6c8eb2bf1fa47a5b24
hlxmkr,0xaac47732a9617bd6e2881eb703c07f60f9a9a6fa
sansutopies,0x20dedd5f28a0562d3c8468665ff60f2857d0fe7d
EvertJ08,0x5319a5cde32da48357318d93513eeaca4fe8264c
Ciel_Marcheur,0x82ebaca38b2b5f0af299438b0e730d5e544da412
polka_spin,0x6061158f763a28743ec5287896c3f2500defd8df
Spinkicks360,0x4a7bc312294931bc1a9545afc80858825e649016
osensei_sama,0x1c1ace6bb2228c9dc96215ad4226654dbc6d711e
Trennelz,0x23771890257f7482656a9b34b4f37150fa5a682f
CryptoDash72,0xde439ea78ff77197486280b031df5315c3c1c91d
Nacho_OMG,0x6bd4c05b846e56ff0c41a8cec1a58e448ff98fc4
KiingZay,0x119e3224ab7e7bf8777e0b4adc0612417234c9e1
killerbird97,0x7fd7ea0043de720f8aae10e0ccb232a5905f0e27
KNightSqualid,0x0da5ebe4a5389f06d7d90957649c7a601c9d4674
raptordefi,0x0c3ed9f71b513060e054ac584944769683949d17
WolfKChaosDao,0x914bd52a86f6f2f3fc72843e69ee2dd8a54ed50c
Jaystezy,0x1fb667597f6724e3d7e091c8ff752974831097d5
JEFE_EXPECTCHAOS,0x7f61a3c5b9d4784ac7fc9519c79ac3b015ab06f2
FoxVEE538,0x368ff4be9f8f9080f831e512fdb79fa5148ed259
Rapid999,0x5c2ae88c985a1685d046262ab9a66cb1a2792f7e
jaredfillips,0x5ccabdf8c9dc817d360e97e5fedc998845c91576
zcocrypto,0x46d550542fbe83059bbe9747a3885598407bf518
d0r10n,0x132d7688c80935e013668a1a183f9d133853ffc0
detig_iii,0xf85f5de79cdb9427c7c09c3ed2376151e6d50d23
ToxicBirdie999,0xd514b2eb2c297ea3d3257159f1258ce0d7645a23
NiftyBoom,0xc12246c2c1e44a8e550c14301a16918f10ac7fbd
Kartus,0x89d988a9d8c0936f35daf8e66a01abb1dcf402c8
EndSama,0xd47b184c38665225434fe15ef5ec9661d4020e38
VIPSAMA0,0x0ff25577b56d277347da9c8079a0136420025244
lasereyecharlie,0x5256bbbfe63004512342ccbe3afcd38450a17c69
Moonsama_Neville,0xab5da83c4b2ef1d1921f426c405adb9e0d8ef056
CyanDanBagHunter,0xa3f7f5ca155892d4a878b3ced036d29bddfe8ab9
LaDoger,0x1f981abfaf509a0240ee2f9acf631d026833dd07
DipsetLoei,0xd1c2491b313a93765c7effcd0596ecabebc0b6aa
angrynanons,0x99b071a596b55dd75ca4e7a2bf65d0253c234b70
DotSama,0x45fcadefd45dc4242701acc00ff43bfa801a36b0
Rigo0,0x0fbebbcff5d4b0d8f6e440507350c7bb72bcd02e
RedstoneCircuit1,0xdc9299a186475da67fbce39d0a0a21f2f390cc47
Tetherio,0x0f1a799fff8fd6daacc18ba5077d945ff29e1727
TopePaqitoJr,0x5ae11306e9dbdeda498a6a0b96e7df5cbf43dec7
Woden76,0xc317e6166a4fc5e8a096be39b4ab8da70b5bfdd1
MoonVikinG1,0x2fd174d5f2033fecb0c1ce37de0afd1c237bd7dc
Sbirovski,0x15965ef4652e57bf527db460a9891c4d891e716a
dOrbitalChemist,0x8efcd65e29f71f2b187c3aafe2ad81920e60e8d3
UnicFb910,0x08ccd3684a57acd5eb2cebd51caf88c75073b23a
StonkySeal,0xec698cccf335f2eada49d67bdfe34a1a2b58e706
novelty77,0x6c097608e0583dd612fb3873c59ed1758792189f
vonyi,0xf0c56251ce95e39882cc58f3cc14272771ae2f44
NDCrypto,0xde50219821d446a5d97721aeb8bae2d092a026fd
teslanova05,0x1a5b84f469930741c46cb9cd1f933c4f0afeee50
JohnnyBlazzeee1,0x2f33e2a1a86c6aaae28274cd6d8db64062e558fa
Barbarossa696969,0x4d778f3fe3ff9a9315dc0719127449b01e597acc
CrudeArtist4591,0xe5c8f1d9b6bf72df4a32c5d436fe1f9221aa4c8b
MoonsamX,0x05e386c3a31e176a6831563c4104eb6b1fbade23
Drogon1050,0xd37ac8d86c7c0d4f49a9a3bfeb861f3ee0cfd14b
juudje82,0x1de10c3ce6a0df635a196c439c401abbe2903592
TonyMo0ntana33,0x0fcf62edec5e1de0572dd10c2e6ca17a5037f6db
Kolumbas4,0xd63bf41d1c2f208d1abd35c6eae7434a7e603b77
JuliooCrypto,0xd926b59126a497e6f1ef372975402e3b7ebd744d
YuntWheat,0x10013158b9c4775a940b1e47a4ffa042a58ed6bc
TidyG,0x5d6db2ddd990ff24363fbb28e867830301ea0c55
gnooee,0xbf87fafcc5d86010744ade5e1669d785958fd871
Kyilkhor,0x81366eefbb88ca85d58db113b929fbc908a5b5df
kengpeng,0xf1bd99910770774504c2c9127ae6ebce2c437744
B3NNN3T,0x5f36c5f7540851e5b875b153c35af363832b2c47
schura1,0x9644e9c6a5ecb50ab5706a88e2aeded4b507598a
Moonsama1,0x563c403458f477ae8f1ffce5ae3f34f206e6aa2a
morgantell,0x8de3f9c533e6de61251d4aa58f015a27b77c924e
Eben_Lt,0x1c7c89bbde992d130f6ce07e24e84eabd87c0672
Yudh360,0x209bc8d9cca286916aafe118d1e42410c2465ac9
J437_Chickenized,0x71438c3c987dea7257a1f42b4be0d60e39478a29
22cmdeamor,0xb172bcb3e36e7c44962f3c795c76d2cf15dc79b0
xQazer,0xef2b926b43f971cc0ef243876a7aaa4b2aae1f40
ifjmorgan,0xa31cb340fb16d90c5c7c349575e24dc1165124dd
miha013,0xcec08a60c229a4226b928ebba0eca50ffa6c904c
MarcMarcelle,0x820e703b2b29caebfdd14dafdc43854ab2dc92ca
Davey_Moonsama,0x8cd9735d8f392074c187615b43b8fd3c9915917e
jkrohndk,0x87a71aa6355a9dcbb43868f6a4ac54116e0aaa8a
PrimTurnip14177,0x05ed0f92f802fbdfd567c723f22b0e266f14072b
boostdmg01,0x5669023b6882bab38e258bac2a48a002beed8443
donaldpim,0x88baa8e1555a3cfeb125ef3da3d5e88e633f865d
NautilusMoonSama,0x8deb273d380020cb0bdbbb51cc877df0f29afe63
FatLostPatato,0x9644e9c6a5ecb50ab5706a88e2aeded4b507598a
BigLeague8,0x31a333243e917b5c2c0075e6cf8942665d0488b0
CryptoSnoes,0x62b648854e88935162b9751c9058ec4236cd81b2
Cotton118443,0x89da3dee47f5af1e53a57514b0b35137822fd1d6
Donny_Dukes,0x552bab4f77ff21068b57486649d77183873708a3
Viktor_Bamf,0x62b648854e88935162b9751c9058ec4236cd81b2
AslanHz,0xdffd8f42eab6d3d8952968bd964412f3ac4ebf0d
SnakesNTornadoes,0xc480018ede061faabad3a05f43b6982132843ab4
CryptoBeliever,0x3ceec57a1f2be530c970f5dbd675d23d0ff3adfa
MrKiltMaster,0x932bad9228d2bb187548677ce6712f9b001993a9
marlootius,0x8de3f9c533e6de61251d4aa58f015a27b77c924e
cryptorav,0x1566c04e71eb9bfb17848b560887ecc74b9ea6be
MisterrG,0x53142db7e4b06c6137963e9298f4f65ea73ff3c0
Bundysama,0x05232c5404127235be887d20d714e4de50b957c1
Freshhless,0xec3e7a370a65dc3e47a58f52c1ced77a0cfada95
Croissantspza,0xe0a213ef93912b97736584b752316089db382b20
TheFreeOwl,0xe6deb16746051bd7b81a8205cee14073909caa3e
MouthMarnis,0x99fba9cd324c35351f8d68bf1fdeb53c534758e0
ConfiTuur,0x135ebc63378e52d4b62081edd1a8db4c580a3441
TumzCartier,0xd8099dc17bbd7d95f8f8781f47e96e9e87b73256
doodmax,0xf63a8cd1ef7458aa2f3af6e39d6f91aff844fee5
stepped0nlego,0x4a565457531f2c323abf0c1354995b16285e3b49
RealBigFatPanda,0xf2f659f439202105e342ce8871d4fded258086d1
Mrcrymountain,0x9644e9c6a5ecb50ab5706a88e2aeded4b507598a
LordFwog,0x88829af581d1e4665e321805b9230a3a51f085a2
moonsamian,0xd72aae6dd7c9cd3deccb21282226de8ba117b22a
kengpeng,0xf1bd99910770774504c2c9127ae6ebce2c437744
zTheDarkAlex,0x4b2ddf5395fa72959493abc15008527d6db1d49e
dinonutsinho,0xba58186f76306d0d536c33018471662f61c8d30c
mrsomtam,0x355a3018fd22acf0ace1c3fb8f5762554d5ec157
Mothball87,0x7c719c3c98f416bb5fab3c00c09e518e5eb5c1b7
ThatCryptoPoet,0xacfefc3002912de3ad0b5ae4a918b196749e02d0
SpookyGoneWild,0xcaadfe35ee95032a2a92377e42f7c6a26d8df4ad
Moonlightsamas,0x8812f12bf1b651b4c8231e033efc93b2cb8891fd
zwaxelander,0xd3b96473373d496e0c2939349c12a9d240c51ed8
caligrog,0x5f4fecc6227025fe32b3cb64d0ea068b5f4bc09c
theMoonsama414,0x8846495892389a21521c59ba38911bdef9be5e52
Igor4rand,0x3526df3288bd0874e059643fa9645becaa571fec
Nugzeh,0x388b31c11dc47e5b55d932cb500ab92df4ef4dbb
Shakuchan,0x769855ae7ce220e7dff3505052e7a2962176de62
CragBarbarian,0x6499ce6bf62851ba2a937e59372a6a769f02f43d
Freedom3569,0x8b4b220456db17b37a0fc71d06a774cb3ef71523
Bleeding_Thigh,0xe997123875a7bc395e3faa136bcbe8fef69118fa
MOVRGLMR4LYFE,0x284508b15d5e942394e74e117c67d351673b72f9
Barbarossa69696,0x8f620929da3b77430c0a0d0e1f94d5380257030b
meld169,0x39e4b48fd26d2db10c56a7f61238fbe6ebda9fd0
MOVRGLMR4LYFE,0x284508b15d5e942394e74e117c67d351673b72f9
LeTeacher87,0xc0368fde33acfbb2ab276ab94faea0edd176d44a
Dolenec_33,0x1ad0220dd6db112fbb95d0e49dd8b0e19bdfdcae
Kos1r_,0x63b45c2e4e2f513fadfddc11068ae88470b5f243
north_MSAMA,0x77a6f35be8538e9d3d44623ce4a2273dc43b8ad4
Metroid88,0x36c3a79f5239d7d69c89b1190a881914c4a56b50
ImDarkHorse0,0x7b59c225a889944bb238249ce76b04c5c3175a38
JamMoonriver,0x71ec583a7442b97cfd30b398976b019f10683dbd
DottyBangsJr,0x7ae10fbc0f45dc82eacc95b408132c1b3e2fa3e1
Maesla8,0x070adb673af997ee4f57fd675a4df60181646996
NagyKiki,0x08030667aadedb1fab100e7856434b9edfb2a398
madebymarble,MISSING
Ornal_Juice,MISSING
WiseApe69,MISSING
cobracapital,MISSING
iamsamitpatel,MISSING
iamsamitpatel,MISSING
